{
  "Total" : {
    "transaction" : "Total",
    "sampleCount" : 2500,
    "errorCount" : 0,
    "errorPct" : 0.0,
    "meanResTime" : 3711.2047999999977,
    "medianResTime" : 1270.5,
    "minResTime" : 63.0,
    "maxResTime" : 43431.0,
    "pct1ResTime" : 10335.2,
    "pct2ResTime" : 16988.75,
    "pct3ResTime" : 31135.709999999992,
    "throughput" : 51.74483586538064,
    "receivedKBytesPerSec" : 1491.3213399583972,
    "sentKBytesPerSec" : 64.47891656662665
  },
  "HTTP Request" : {
    "transaction" : "HTTP Request",
    "sampleCount" : 2500,
    "errorCount" : 0,
    "errorPct" : 0.0,
    "meanResTime" : 3711.2047999999977,
    "medianResTime" : 1270.5,
    "minResTime" : 63.0,
    "maxResTime" : 43431.0,
    "pct1ResTime" : 10335.2,
    "pct2ResTime" : 16988.75,
    "pct3ResTime" : 31135.709999999992,
    "throughput" : 51.74483586538064,
    "receivedKBytesPerSec" : 1491.3213399583972,
    "sentKBytesPerSec" : 64.47891656662665
  }
}